{
  "grade": {
    "accuracy": 0.7295597484276729,
    "macro_f1": 0.7320984299516908,
    "per_class": {
      "Grade-1": {
        "precision": 0.8429752066115702,
        "recall": 0.7555555555555555,
        "f1-score": 0.796875,
        "support": 135.0
      },
      "Grade-2": {
        "precision": 0.5714285714285714,
        "recall": 0.6923076923076923,
        "f1-score": 0.6260869565217392,
        "support": 104.0
      },
      "Grade-3": {
        "precision": 0.8169014084507042,
        "recall": 0.7341772151898734,
        "f1-score": 0.7733333333333333,
        "support": 79.0
      },
      "accuracy": 0.7295597484276729,
      "macro avg": {
        "precision": 0.7437683954969486,
        "recall": 0.7273468210177071,
        "f1-score": 0.7320984299516908,
        "support": 318.0
      },
      "weighted avg": {
        "precision": 0.7476900490211918,
        "recall": 0.7295597484276729,
        "f1-score": 0.7351713893446359,
        "support": 318.0
      }
    }
  }
}