{
  "variety": {
    "accuracy": 0.7421383647798742,
    "macro_f1": 0.7418831168831168,
    "per_class": {
      "Gajar": {
        "precision": 1.0,
        "recall": 0.5794871794871795,
        "f1-score": 0.7337662337662337,
        "support": 195.0
      },
      "Kupro": {
        "precision": 0.6,
        "recall": 1.0,
        "f1-score": 0.75,
        "support": 123.0
      },
      "accuracy": 0.7421383647798742,
      "macro avg": {
        "precision": 0.8,
        "recall": 0.7897435897435898,
        "f1-score": 0.7418831168831168,
        "support": 318.0
      },
      "weighted avg": {
        "precision": 0.8452830188679246,
        "recall": 0.7421383647798742,
        "f1-score": 0.740045332026464,
        "support": 318.0
      }
    }
  },
  "grade": {
    "accuracy": 0.7232704402515723,
    "macro_f1": 0.7278492400185522,
    "per_class": {
      "Grade-1": {
        "precision": 0.8796296296296297,
        "recall": 0.7037037037037037,
        "f1-score": 0.7818930041152263,
        "support": 135.0
      },
      "Grade-2": {
        "precision": 0.5602836879432624,
        "recall": 0.7596153846153846,
        "f1-score": 0.6448979591836734,
        "support": 104.0
      },
      "Grade-3": {
        "precision": 0.8115942028985508,
        "recall": 0.7088607594936709,
        "f1-score": 0.7567567567567568,
        "support": 79.0
      },
      "accuracy": 0.7232704402515723,
      "macro avg": {
        "precision": 0.7505025068238144,
        "recall": 0.7240599492709198,
        "f1-score": 0.7278492400185522,
        "support": 318.0
      },
      "weighted avg": {
        "precision": 0.7582875647015246,
        "recall": 0.7232704402515723,
        "f1-score": 0.7308450537561051,
        "support": 318.0
      }
    }
  }
}