{
  "variety": {
    "accuracy": 0.8427672955974843,
    "macro_f1": 0.8420111287758346,
    "per_class": {
      "Gajar": {
        "precision": 1.0,
        "recall": 0.7435897435897436,
        "f1-score": 0.8529411764705882,
        "support": 195.0
      },
      "Kupro": {
        "precision": 0.7109826589595376,
        "recall": 1.0,
        "f1-score": 0.831081081081081,
        "support": 123.0
      },
      "accuracy": 0.8427672955974843,
      "macro avg": {
        "precision": 0.8554913294797688,
        "recall": 0.8717948717948718,
        "f1-score": 0.8420111287758346,
        "support": 318.0
      },
      "weighted avg": {
        "precision": 0.8882102737485004,
        "recall": 0.8427672955974843,
        "f1-score": 0.8444858565557788,
        "support": 318.0
      }
    }
  },
  "grade": {
    "accuracy": 0.7327044025157232,
    "macro_f1": 0.7294228914458726,
    "per_class": {
      "Grade-1": {
        "precision": 0.8728813559322034,
        "recall": 0.762962962962963,
        "f1-score": 0.8142292490118577,
        "support": 135.0
      },
      "Grade-2": {
        "precision": 0.6,
        "recall": 0.6634615384615384,
        "f1-score": 0.6301369863013698,
        "support": 104.0
      },
      "Grade-3": {
        "precision": 0.7176470588235294,
        "recall": 0.7721518987341772,
        "f1-score": 0.7439024390243902,
        "support": 79.0
      },
      "accuracy": 0.7327044025157232,
      "macro avg": {
        "precision": 0.730176138251911,
        "recall": 0.732858800052893,
        "f1-score": 0.7294228914458726,
        "support": 318.0
      },
      "weighted avg": {
        "precision": 0.7450726437041078,
        "recall": 0.7327044025157232,
        "f1-score": 0.7365518486631133,
        "support": 318.0
      }
    }
  }
}