{
  "grade": {
    "accuracy": 0.7232704402515723,
    "macro_f1": 0.7332336579518056,
    "per_class": {
      "Grade-1": {
        "precision": 0.9340659340659341,
        "recall": 0.6296296296296297,
        "f1-score": 0.7522123893805309,
        "support": 135.0
      },
      "Grade-2": {
        "precision": 0.55,
        "recall": 0.8461538461538461,
        "f1-score": 0.6666666666666666,
        "support": 104.0
      },
      "Grade-3": {
        "precision": 0.8507462686567164,
        "recall": 0.7215189873417721,
        "f1-score": 0.7808219178082192,
        "support": 79.0
      },
      "accuracy": 0.7232704402515723,
      "macro avg": {
        "precision": 0.7782707342408836,
        "recall": 0.7324341543750826,
        "f1-score": 0.7332336579518056,
        "support": 318.0
      },
      "weighted avg": {
        "precision": 0.7877605544741563,
        "recall": 0.7232704402515723,
        "f1-score": 0.7313425704608627,
        "support": 318.0
      }
    }
  }
}