{
  "variety": {
    "accuracy": 0.9512195121951219,
    "macro_f1": 0.950897270203593,
    "per_class": {
      "Aseel": {
        "precision": 0.948051948051948,
        "recall": 0.9864864864864865,
        "f1-score": 0.9668874172185431,
        "support": 74.0
      },
      "Fasli Toto": {
        "precision": 0.9047619047619048,
        "recall": 0.9661016949152542,
        "f1-score": 0.9344262295081968,
        "support": 59.0
      },
      "Gajar": {
        "precision": 1.0,
        "recall": 0.9025641025641026,
        "f1-score": 0.9487870619946092,
        "support": 195.0
      },
      "Kupro": {
        "precision": 0.9111111111111111,
        "recall": 1.0,
        "f1-score": 0.9534883720930233,
        "support": 123.0
      },
      "accuracy": 0.9512195121951219,
      "macro avg": {
        "precision": 0.9409812409812409,
        "recall": 0.9637880709914608,
        "f1-score": 0.950897270203593,
        "support": 451.0
      },
      "weighted avg": {
        "precision": 0.9547748629788542,
        "recall": 0.9512195121951219,
        "f1-score": 0.9511604507129632,
        "support": 451.0
      }
    }
  }
}