{
  "grade": {
    "accuracy": 0.7012578616352201,
    "macro_f1": 0.7116721973741162,
    "per_class": {
      "Grade-1": {
        "precision": 0.865979381443299,
        "recall": 0.6222222222222222,
        "f1-score": 0.7241379310344828,
        "support": 135.0
      },
      "Grade-2": {
        "precision": 0.5407407407407407,
        "recall": 0.7019230769230769,
        "f1-score": 0.6108786610878661,
        "support": 104.0
      },
      "Grade-3": {
        "precision": 0.7674418604651163,
        "recall": 0.8354430379746836,
        "f1-score": 0.8,
        "support": 79.0
      },
      "accuracy": 0.7012578616352201,
      "macro avg": {
        "precision": 0.724720660883052,
        "recall": 0.7198627790399943,
        "f1-score": 0.7116721973741162,
        "support": 318.0
      },
      "weighted avg": {
        "precision": 0.735132580215807,
        "recall": 0.7012578616352201,
        "f1-score": 0.7059434007635008,
        "support": 318.0
      }
    }
  }
}