{
  "grade": {
    "accuracy": 0.7169811320754716,
    "macro_f1": 0.7286608425520452,
    "per_class": {
      "Grade-1": {
        "precision": 0.8490566037735849,
        "recall": 0.6666666666666666,
        "f1-score": 0.7468879668049793,
        "support": 135.0
      },
      "Grade-2": {
        "precision": 0.55,
        "recall": 0.7403846153846154,
        "f1-score": 0.6311475409836066,
        "support": 104.0
      },
      "Grade-3": {
        "precision": 0.8472222222222222,
        "recall": 0.7721518987341772,
        "f1-score": 0.8079470198675497,
        "support": 79.0
      },
      "accuracy": 0.7169811320754716,
      "macro avg": {
        "precision": 0.748759608665269,
        "recall": 0.7264010602618197,
        "f1-score": 0.7286608425520452,
        "support": 318.0
      },
      "weighted avg": {
        "precision": 0.7507962171855017,
        "recall": 0.7169811320754716,
        "f1-score": 0.7242045105361752,
        "support": 318.0
      }
    }
  }
}