{
  "grade": {
    "accuracy": 0.7578616352201258,
    "macro_f1": 0.7599211301371765,
    "per_class": {
      "Grade-1": {
        "precision": 0.8793103448275862,
        "recall": 0.7555555555555555,
        "f1-score": 0.8127490039840638,
        "support": 135.0
      },
      "Grade-2": {
        "precision": 0.6074074074074074,
        "recall": 0.7884615384615384,
        "f1-score": 0.6861924686192469,
        "support": 104.0
      },
      "Grade-3": {
        "precision": 0.8507462686567164,
        "recall": 0.7215189873417721,
        "f1-score": 0.7808219178082192,
        "support": 79.0
      },
      "accuracy": 0.7578616352201258,
      "macro avg": {
        "precision": 0.77915467363057,
        "recall": 0.7551786937862887,
        "f1-score": 0.7599211301371765,
        "support": 318.0
      },
      "weighted avg": {
        "precision": 0.7832900067483494,
        "recall": 0.7578616352201258,
        "f1-score": 0.7634278735254705,
        "support": 318.0
      }
    }
  }
}