{
  "grade_resnet18": {
    "accuracy": 0.7232704402515723,
    "macro_f1": 0.7332336579518056
  },
  "grade_vgg16": {
    "accuracy": 0.7012578616352201,
    "macro_f1": 0.7116721973741162
  },
  "grade_googlenet": {
    "accuracy": 0.7578616352201258,
    "macro_f1": 0.7599211301371765
  },
  "ensemble_soft_voting": {
    "accuracy": 0.7735849056603774,
    "macro_f1": 0.7786661597901315
  },
  "ensemble_weighted_voting": {
    "accuracy": 0.7735849056603774,
    "macro_f1": 0.7786661597901315,
    "weights": {
      "grade_resnet18": 0.3314121037463976,
      "grade_vgg16": 0.32132564841498557,
      "grade_googlenet": 0.3472622478386167
    }
  },
  "disagreement_analysis": {
    "n_test": 318,
    "n_models_disagree": 102,
    "n_ensemble_correct_where_some_model_wrong": 67,
    "indices_saved_by_ensemble": [
      3,
      5,
      14,
      17,
      22,
      28,
      36,
      39,
      40,
      42,
      45,
      47,
      51,
      54,
      64,
      78,
      80,
      88,
      89,
      92,
      97,
      100,
      101,
      111,
      112,
      113,
      116,
      122,
      125,
      128,
      142,
      144,
      150,
      163,
      170,
      174,
      175,
      178,
      187,
      191,
      199,
      202,
      203,
      205,
      209,
      211,
      224,
      231,
      233,
      235
    ]
  }
}